{"cameraMode":{"drawMode":0,"name":"Shaded","section":"Shading Mode"},"sceneLighting":true,"audioPlay":false,"sceneViewState":{"m_AlwaysRefresh":false,"showFog":true,"showSkybox":false,"showFlares":true,"showImageEffects":true,"showParticleSystems":true,"showVisualEffectGraphs":true,"m_FxEnabled":true},"in2DMode":false,"pivot":{"x":3.258437156677246,"y":6.753922462463379,"z":-3.3514347076416017},"rotation":{"x":0.17780184745788575,"y":-0.016609881073236467,"z":0.0026519561652094127,"w":0.9837062358856201},"size":4.494831562042236,"orthographic":false}