{"cameraMode":{"drawMode":0,"name":"Shaded","section":"Shading Mode"},"sceneLighting":true,"audioPlay":false,"sceneViewState":{"m_AlwaysRefresh":false,"showFog":true,"showSkybox":true,"showFlares":true,"showImageEffects":true,"showParticleSystems":true,"showVisualEffectGraphs":true,"m_FxEnabled":true},"in2DMode":false,"pivot":{"x":1.309464931488037,"y":3.3228559494018556,"z":-0.0036220550537109377},"rotation":{"x":0.15693482756614686,"y":0.051816776394844058,"z":-0.008246045559644699,"w":0.9861853718757629},"size":7.485637187957764,"orthographic":false}