{"cameraMode":{"drawMode":0,"name":"Shaded","section":"Shading Mode"},"sceneLighting":true,"audioPlay":false,"sceneViewState":{"m_AlwaysRefresh":false,"showFog":true,"showSkybox":true,"showFlares":true,"showImageEffects":true,"showParticleSystems":true,"showVisualEffectGraphs":true,"m_FxEnabled":true},"in2DMode":false,"pivot":{"x":0.11090449243783951,"y":-0.11123507469892502,"z":3.212251663208008},"rotation":{"x":0.10511242598295212,"y":-0.0029885191470384599,"z":0.0003165272646583617,"w":0.9944289922714233},"size":9.743985176086426,"orthographic":false}