{"cameraMode":{"drawMode":0,"name":"Shaded","section":"Shading Mode"},"sceneLighting":true,"audioPlay":false,"sceneViewState":{"m_AlwaysRefresh":false,"showFog":true,"showSkybox":true,"showFlares":true,"showImageEffects":true,"showParticleSystems":true,"showVisualEffectGraphs":true,"m_FxEnabled":true},"in2DMode":false,"pivot":{"x":-0.6931661367416382,"y":18.218835830688478,"z":68.4576416015625},"rotation":{"x":0.001810455578379333,"y":-0.0033212515991181137,"z":-0.00017329696856904775,"w":0.9997941255569458},"size":67.73066711425781,"orthographic":false}