{"cameraMode":{"drawMode":0,"name":"Shaded","section":"Shading Mode"},"sceneLighting":true,"audioPlay":false,"sceneViewState":{"m_AlwaysRefresh":false,"showFog":true,"showSkybox":true,"showFlares":true,"showImageEffects":true,"showParticleSystems":true,"showVisualEffectGraphs":true,"m_FxEnabled":true},"in2DMode":false,"pivot":{"x":0.11083149164915085,"y":-0.054047584533691409,"z":3.2243881225585939},"rotation":{"x":0.10362066328525543,"y":-0.002988990396261215,"z":0.0003120446053799242,"w":0.9945855140686035},"size":10.322005271911621,"orthographic":false}