{"cameraMode":{"drawMode":0,"name":"Shaded","section":"Shading Mode"},"sceneLighting":true,"audioPlay":false,"sceneViewState":{"m_AlwaysRefresh":false,"showFog":true,"showSkybox":true,"showFlares":true,"showImageEffects":true,"showParticleSystems":true,"showVisualEffectGraphs":true,"m_FxEnabled":true},"in2DMode":false,"pivot":{"x":0.8411403298377991,"y":5.583413124084473,"z":-0.7817381620407105},"rotation":{"x":0.024306418374180795,"y":0.0014937897212803364,"z":-0.00003610670319176279,"w":0.9996679425239563},"size":12.12435531616211,"orthographic":false}